<?xml version="1.0" encoding="UTF-8"?>
<CONFIG>
  <Lazarus><ColorSchemes Version="13">
      <Names Count="1">
        <Item1 Value="JacksCustom-for-Lazarus"/>
      </Names>
      <Globals Version="13">
        <SchemeJacksCustom_for_Lazarus>
          <ahaGutter Background="2238503"/>
          <ahaDefault Background="2238503" Foreground="clWhite"/>
          <ahaErrorLine Background="2070525" Foreground="clBlack" BackPriority="500" ForePriority="500" FramePriority="500" BackAlpha="127"/>
          <ahaMouseLink Foreground="15718758" FrameColor="15718758" FrameEdges="sfeBottom" BackPriority="2500" ForePriority="1500" FramePriority="7500"/>
          <ahaTextBlock Background="6258623" BackPriority="7000" ForePriority="7000" FramePriority="7000"/>
          <ahaWordGroup FrameColor="9080975" BackPriority="3000" ForePriority="3000" FramePriority="3000"/>
          <ahaFoldedCode Foreground="9080975" FrameColor="9080975" BackPriority="8000" ForePriority="8000" FramePriority="8000"/>
          <ahaLineNumber Background="2238503" Foreground="9080975"/>
          <ahaRightMargin Foreground="9080975"/>
          <ahaTopInfoHint Background="4081737" Foreground="3072678" FrameColor="3072678" FrameStyle="slsDashed" FrameEdges="sfeBottom" BackPriority="8500" ForePriority="8500" FramePriority="8500" ForeAlpha="127" FrameAlpha="127"/>
          <ahaBracketMatch Style="fsUnderline" BackPriority="3000" ForePriority="3000" FramePriority="3000"/>
          <ahaHighlightAll BackPriority="4000" ForePriority="4000" FramePriority="4000"/>
          <ahaModifiedLine Background="2238503" Foreground="3072678" FrameColor="2070525"/>
          <ahaHighlightWord Background="6258623" FrameColor="cl3DLight" BackPriority="3000" ForePriority="3000" FramePriority="3000" BackAlpha="200"/>
          <ahaLineHighlight Background="clWhite" BackPriority="500" ForePriority="500" FramePriority="500" BackAlpha="50"/>
          <ahaSyncroEditCur BackPriority="2000" ForePriority="2000" FramePriority="2000"/>
          <ahaExecutionPoint Background="7481081" Foreground="clBlack" BackPriority="500" ForePriority="500" FramePriority="500" BackAlpha="127"/>
          <ahaSyncroEditArea BackPriority="2000" ForePriority="2000" FramePriority="2000"/>
          <ahaSyncroEditSync BackPriority="6000" ForePriority="6000" FramePriority="6000"/>
          <ahaCodeFoldingTree Background="2238503" Foreground="9080975"/>
          <ahaGutterSeparator Background="2238503" Foreground="4081737"/>
          <ahaIfDefNodeActive BackPriority="9050" ForePriority="9050" FramePriority="9050"/>
          <ahaSyncroEditOther BackPriority="6000" ForePriority="6000" FramePriority="6000"/>
          <ahaTemplateEditCur BackPriority="6000" ForePriority="6000" FramePriority="6000"/>
          <ahaIfDefBlockActive BackPriority="9000" ForePriority="9000" FramePriority="9000"/>
          <ahaTemplateEditSync BackPriority="6000" ForePriority="6000" FramePriority="6000"/>
          <ahaEnabledBreakpoint Background="15718758" Foreground="clBlack" BackPriority="500" ForePriority="500" FramePriority="500" BackAlpha="127"/>
          <ahaIfDefNodeInactive BackPriority="9150" ForePriority="9150" FramePriority="9150"/>
          <ahaIncrementalSearch BackPriority="4000" ForePriority="4000" FramePriority="4000"/>
          <ahaInvalidBreakpoint Background="3072678" Foreground="clBlack" BackPriority="500" ForePriority="500" FramePriority="500" BackAlpha="127"/>
          <ahaTemplateEditOther BackPriority="6000" ForePriority="6000" FramePriority="6000"/>
          <ahaUnknownBreakpoint Background="15718758" Foreground="clBlack" BackPriority="500" ForePriority="500" FramePriority="500" BackAlpha="127"/>
          <ahaDisabledBreakpoint Background="3072678" Foreground="clBlack" BackPriority="500" ForePriority="500" FramePriority="500" BackAlpha="127"/>
          <ahaIfDefBlockInactive Foreground="clGray" BackPriority="9050" ForePriority="9050" FramePriority="9050"/>
          <ahaIfDefNodeTmpActive BackPriority="9050" ForePriority="9050" FramePriority="9050"/>
          <ahaIfDefBlockTmpActive BackPriority="9000" ForePriority="9000" FramePriority="9000"/>
          <ahaSpecialVisibleChars BackPriority="8100" ForePriority="8100" FramePriority="8100"/>
        </SchemeJacksCustom_for_Lazarus>
      </Globals>
      <LangObjectPascal Version="13">
        <SchemeJacksCustom_for_Lazarus>
          <ahaGutter Background="clBtnFace"/>
          <ahaErrorLine Background="5284095" BackAlpha="0"/>
          <ahaMouseLink Foreground="clBlue" FrameColor="clBlue"/>
          <ahaTextBlock Background="clNavy" Foreground="clWhite"/>
          <ahaWordGroup FrameColor="clRed"/>
          <ahaFoldedCode Background="clWhite" Foreground="clSilver" FrameColor="clSilver"/>
          <ahaLineNumber Background="clNone" Foreground="clNone"/>
          <ahaRightMargin Foreground="clSilver"/>
          <ahaTopInfoHint Background="clSkyBlue" Foreground="clBlack" FrameColor="clMaroon" ForeAlpha="0" FrameAlpha="0"/>
          <ahaBracketMatch Style="fsBold"/>
          <ahaHighlightAll Background="clYellow"/>
          <ahaModifiedLine Background="clNone" Foreground="clGreen" FrameColor="59900"/>
          <ahaHighlightWord Background="15132390" FrameColor="clSilver" BackAlpha="0"/>
          <ahaLineHighlight Background="clNone" BackAlpha="0"/>
          <ahaSyncroEditCur FrameColor="clFuchsia"/>
          <ahaExecutionPoint Background="clGray" Foreground="clWhite" BackAlpha="0"/>
          <ahaSyncroEditArea Background="clMoneyGreen"/>
          <ahaSyncroEditSync FrameColor="clRed"/>
          <ahaCodeFoldingTree Background="clWhite" Foreground="clSilver"/>
          <ahaGutterSeparator Background="clWhite" Foreground="clGray"/>
          <ahaSyncroEditOther FrameColor="9744532"/>
          <ahaTemplateEditCur FrameColor="clAqua"/>
          <ahaTemplateEditSync FrameColor="clFuchsia"/>
          <ahaEnabledBreakpoint Background="clRed" BackAlpha="0"/>
          <ahaIncrementalSearch Background="3199088" Foreground="clWhite"/>
          <ahaInvalidBreakpoint Background="clOlive" Foreground="clGreen" BackAlpha="0"/>
          <ahaTemplateEditOther FrameColor="clMaroon"/>
          <ahaUnknownBreakpoint Background="clRed" BackAlpha="0"/>
          <ahaDisabledBreakpoint Background="clGreen" BackAlpha="0"/>
          <ahaIfDefBlockInactive Foreground="clSilver"/>
          <Number Foreground="10706940"/>
          <String Foreground="6985460"/>
          <Symbol Foreground="14002408"/>
          <Comment Foreground="3975759"/>
          <Assembler Foreground="3072678"/>
          <Directive Foreground="8140540"/>
          <ahaDefault Background="clBlack" Foreground="clCream" UseSchemeGlobals="False"/>
          <Case_label Foreground="2070525"/>
          <Identifier Foreground="clWhite"/>
          <IDE_Directive Foreground="cl3DLight"/>
          <Reserved_word Foreground="15972467" Style="fsBold"/>
          <Procedure_header_name Foreground="8573426" Style="fsBold,fsUnderline"/>
        </SchemeJacksCustom_for_Lazarus>
      </LangObjectPascal>
      <LangLazarus_Form_definition Version="13">
        <SchemeJacksCustom_for_Lazarus>
          <ahaErrorLine BackAlpha="0"/>
          <ahaTopInfoHint ForeAlpha="0" FrameAlpha="0"/>
          <ahaHighlightWord BackAlpha="0"/>
          <ahaLineHighlight BackAlpha="0"/>
          <ahaExecutionPoint BackAlpha="0"/>
          <ahaEnabledBreakpoint BackAlpha="0"/>
          <ahaInvalidBreakpoint BackAlpha="0"/>
          <ahaUnknownBreakpoint BackAlpha="0"/>
          <ahaDisabledBreakpoint BackAlpha="0"/>
        </SchemeJacksCustom_for_Lazarus>
      </LangLazarus_Form_definition>
      <LangXML_document Version="13">
        <SchemeJacksCustom_for_Lazarus>
          <Text Foreground="clBlack" Style="fsBold"/>
          <Symbol Foreground="clRed"/>
          <Comment Foreground="clBlue" Style="fsBold"/>
          <ahaGutter Background="clBtnFace"/>
          <ahaDefault Background="clWhite" Foreground="clBlack"/>
          <ahaErrorLine Background="5284095" BackAlpha="0"/>
          <ahaMouseLink Foreground="clBlue" FrameColor="clBlue"/>
          <ahaTextBlock Background="clNavy" Foreground="clWhite"/>
          <ahaWordGroup FrameColor="clRed"/>
          <Element_Name Foreground="clMaroon" Style="fsBold"/>
          <ahaFoldedCode Background="clWhite" Foreground="clSilver" FrameColor="clSilver"/>
          <ahaLineNumber Background="clNone" Foreground="clNone"/>
          <CDATA_Section Foreground="clOlive" Style="fsItalic"/>
          <ahaRightMargin Foreground="clSilver"/>
          <ahaTopInfoHint Background="clSkyBlue" Foreground="clBlack" FrameColor="clMaroon" ForeAlpha="0" FrameAlpha="0"/>
          <Attribute_Name Foreground="clMaroon"/>
          <ahaBracketMatch Style="fsBold"/>
          <ahaHighlightAll Background="clYellow"/>
          <ahaModifiedLine Background="clNone" Foreground="clGreen" FrameColor="59900"/>
          <Attribute_Value Foreground="clNavy" Style="fsBold"/>
          <DOCTYPE_Section Foreground="clBlue" Style="fsItalic"/>
          <ahaHighlightWord Background="15132390" FrameColor="clSilver" BackAlpha="0"/>
          <ahaLineHighlight Background="clNone" BackAlpha="0"/>
          <ahaSyncroEditCur FrameColor="clFuchsia"/>
          <Entity_Reference Foreground="clBlue" Style="fsBold"/>
          <ahaExecutionPoint Background="clGray" Foreground="clWhite" BackAlpha="0"/>
          <ahaSyncroEditArea Background="clMoneyGreen"/>
          <ahaSyncroEditSync FrameColor="clRed"/>
          <ahaCodeFoldingTree Background="clWhite" Foreground="clSilver"/>
          <ahaGutterSeparator Background="clWhite" Foreground="clGray"/>
          <ahaSyncroEditOther FrameColor="9744532"/>
          <ahaTemplateEditCur FrameColor="clAqua"/>
          <ahaTemplateEditSync FrameColor="clFuchsia"/>
          <ahaEnabledBreakpoint Background="clRed" BackAlpha="0"/>
          <ahaIncrementalSearch Background="3199088" Foreground="clWhite"/>
          <ahaInvalidBreakpoint Background="clOlive" Foreground="clGreen" BackAlpha="0"/>
          <ahaTemplateEditOther FrameColor="clMaroon"/>
          <ahaUnknownBreakpoint Background="clRed" BackAlpha="0"/>
          <ahaDisabledBreakpoint Background="clGreen" BackAlpha="0"/>
          <ahaIfDefBlockInactive Foreground="clSilver"/>
          <Processing_Instruction Foreground="clBlue"/>
          <Namespace_Attribute_Name Foreground="clRed"/>
          <Namespace_Attribute_Value Foreground="clRed" Style="fsBold"/>
        </SchemeJacksCustom_for_Lazarus>
      </LangXML_document>
      <LangHTML_document Version="13">
        <SchemeJacksCustom_for_Lazarus>
          <Asp Background="clYellow" Foreground="clBlack"/>
          <Value Foreground="16744448"/>
          <Symbol Foreground="clRed"/>
          <Comment Foreground="clBlue" Style="fsBold"/>
          <ahaGutter Background="clBtnFace"/>
          <ahaDefault Background="clWhite" Foreground="clBlack"/>
          <Identifier Style="fsBold"/>
          <ahaErrorLine Background="5284095" BackAlpha="0"/>
          <ahaMouseLink Foreground="clBlue" FrameColor="clBlue"/>
          <ahaTextBlock Background="clNavy" Foreground="clWhite"/>
          <ahaWordGroup FrameColor="clRed"/>
          <Unknown_word Foreground="clRed" Style="fsBold"/>
          <ahaFoldedCode Background="clWhite" Foreground="clSilver" FrameColor="clSilver"/>
          <ahaLineNumber Background="clNone" Foreground="clNone"/>
          <Reserved_word Style="fsBold"/>
          <ahaRightMargin Foreground="clSilver"/>
          <ahaTopInfoHint Background="clSkyBlue" Foreground="clBlack" FrameColor="clMaroon" ForeAlpha="0" FrameAlpha="0"/>
          <ahaBracketMatch Style="fsBold"/>
          <ahaHighlightAll Background="clYellow"/>
          <ahaModifiedLine Background="clNone" Foreground="clGreen" FrameColor="59900"/>
          <ahaHighlightWord Background="15132390" FrameColor="clSilver" BackAlpha="0"/>
          <ahaLineHighlight Background="clNone" BackAlpha="0"/>
          <ahaSyncroEditCur FrameColor="clFuchsia"/>
          <Escape_ampersand Foreground="clLime" Style="fsBold"/>
          <ahaExecutionPoint Background="clGray" Foreground="clWhite" BackAlpha="0"/>
          <ahaSyncroEditArea Background="clMoneyGreen"/>
          <ahaSyncroEditSync FrameColor="clRed"/>
          <ahaCodeFoldingTree Background="clWhite" Foreground="clSilver"/>
          <ahaGutterSeparator Background="clWhite" Foreground="clGray"/>
          <ahaSyncroEditOther FrameColor="9744532"/>
          <ahaTemplateEditCur FrameColor="clAqua"/>
          <ahaTemplateEditSync FrameColor="clFuchsia"/>
          <ahaEnabledBreakpoint Background="clRed" BackAlpha="0"/>
          <ahaIncrementalSearch Background="3199088" Foreground="clWhite"/>
          <ahaInvalidBreakpoint Background="clOlive" Foreground="clGreen" BackAlpha="0"/>
          <ahaTemplateEditOther FrameColor="clMaroon"/>
          <ahaUnknownBreakpoint Background="clRed" BackAlpha="0"/>
          <ahaDisabledBreakpoint Background="clGreen" BackAlpha="0"/>
          <ahaIfDefBlockInactive Foreground="clSilver"/>
        </SchemeJacksCustom_for_Lazarus>
      </LangHTML_document>
      <LangC__ Version="13">
        <SchemeJacksCustom_for_Lazarus>
          <Space Foreground="clWindow"/>
          <Number Foreground="clNavy"/>
          <String Foreground="clBlue"/>
          <Symbol Foreground="clRed"/>
          <Comment Foreground="clBlue" Style="fsBold"/>
          <ahaGutter Background="clBtnFace"/>
          <Assembler Foreground="clGreen"/>
          <ahaDefault Background="clWhite" Foreground="clBlack"/>
          <ahaErrorLine Background="5284095" BackAlpha="0"/>
          <ahaMouseLink Foreground="clBlue" FrameColor="clBlue"/>
          <ahaTextBlock Background="clNavy" Foreground="clWhite"/>
          <ahaWordGroup FrameColor="clRed"/>
          <Preprocessor Foreground="clBlue" Style="fsBold"/>
          <ahaFoldedCode Background="clWhite" Foreground="clSilver" FrameColor="clSilver"/>
          <ahaLineNumber Background="clNone" Foreground="clNone"/>
          <Reserved_word Style="fsBold"/>
          <ahaRightMargin Foreground="clSilver"/>
          <ahaTopInfoHint Background="clSkyBlue" Foreground="clBlack" FrameColor="clMaroon" ForeAlpha="0" FrameAlpha="0"/>
          <ahaBracketMatch Style="fsBold"/>
          <ahaHighlightAll Background="clYellow"/>
          <ahaModifiedLine Background="clNone" Foreground="clGreen" FrameColor="59900"/>
          <ahaHighlightWord Background="15132390" FrameColor="clSilver" BackAlpha="0"/>
          <ahaLineHighlight Background="clNone" BackAlpha="0"/>
          <ahaSyncroEditCur FrameColor="clFuchsia"/>
          <ahaExecutionPoint Background="clGray" Foreground="clWhite" BackAlpha="0"/>
          <ahaSyncroEditArea Background="clMoneyGreen"/>
          <ahaSyncroEditSync FrameColor="clRed"/>
          <ahaCodeFoldingTree Background="clWhite" Foreground="clSilver"/>
          <ahaGutterSeparator Background="clWhite" Foreground="clGray"/>
          <ahaSyncroEditOther FrameColor="9744532"/>
          <ahaTemplateEditCur FrameColor="clAqua"/>
          <ahaTemplateEditSync FrameColor="clFuchsia"/>
          <ahaEnabledBreakpoint Background="clRed" BackAlpha="0"/>
          <ahaIncrementalSearch Background="3199088" Foreground="clWhite"/>
          <ahaInvalidBreakpoint Background="clOlive" Foreground="clGreen" BackAlpha="0"/>
          <ahaTemplateEditOther FrameColor="clMaroon"/>
          <ahaUnknownBreakpoint Background="clRed" BackAlpha="0"/>
          <ahaDisabledBreakpoint Background="clGreen" BackAlpha="0"/>
          <ahaIfDefBlockInactive Foreground="clSilver"/>
        </SchemeJacksCustom_for_Lazarus>
      </LangC__>
      <LangPerl Version="13">
        <SchemeJacksCustom_for_Lazarus>
          <Space Foreground="clWindow"/>
          <Number Foreground="clNavy"/>
          <Pragma Style="fsBold"/>
          <String Foreground="clBlue"/>
          <Symbol Foreground="clRed"/>
          <Comment Foreground="clBlue" Style="fsBold"/>
          <Variable Style="fsBold"/>
          <ahaGutter Background="clBtnFace"/>
          <ahaDefault Background="clWhite" Foreground="clBlack"/>
          <ahaErrorLine Background="5284095" BackAlpha="0"/>
          <ahaMouseLink Foreground="clBlue" FrameColor="clBlue"/>
          <ahaTextBlock Background="clNavy" Foreground="clWhite"/>
          <ahaWordGroup FrameColor="clRed"/>
          <ahaFoldedCode Background="clWhite" Foreground="clSilver" FrameColor="clSilver"/>
          <ahaLineNumber Background="clNone" Foreground="clNone"/>
          <Reserved_word Style="fsBold"/>
          <ahaRightMargin Foreground="clSilver"/>
          <ahaTopInfoHint Background="clSkyBlue" Foreground="clBlack" FrameColor="clMaroon" ForeAlpha="0" FrameAlpha="0"/>
          <ahaBracketMatch Style="fsBold"/>
          <ahaHighlightAll Background="clYellow"/>
          <ahaModifiedLine Background="clNone" Foreground="clGreen" FrameColor="59900"/>
          <ahaHighlightWord Background="15132390" FrameColor="clSilver" BackAlpha="0"/>
          <ahaLineHighlight Background="clNone" BackAlpha="0"/>
          <ahaSyncroEditCur FrameColor="clFuchsia"/>
          <ahaExecutionPoint Background="clGray" Foreground="clWhite" BackAlpha="0"/>
          <ahaSyncroEditArea Background="clMoneyGreen"/>
          <ahaSyncroEditSync FrameColor="clRed"/>
          <ahaCodeFoldingTree Background="clWhite" Foreground="clSilver"/>
          <ahaGutterSeparator Background="clWhite" Foreground="clGray"/>
          <ahaSyncroEditOther FrameColor="9744532"/>
          <ahaTemplateEditCur FrameColor="clAqua"/>
          <ahaTemplateEditSync FrameColor="clFuchsia"/>
          <ahaEnabledBreakpoint Background="clRed" BackAlpha="0"/>
          <ahaIncrementalSearch Background="3199088" Foreground="clWhite"/>
          <ahaInvalidBreakpoint Background="clOlive" Foreground="clGreen" BackAlpha="0"/>
          <ahaTemplateEditOther FrameColor="clMaroon"/>
          <ahaUnknownBreakpoint Background="clRed" BackAlpha="0"/>
          <ahaDisabledBreakpoint Background="clGreen" BackAlpha="0"/>
          <ahaIfDefBlockInactive Foreground="clSilver"/>
        </SchemeJacksCustom_for_Lazarus>
      </LangPerl>
      <LangJava Version="13">
        <SchemeJacksCustom_for_Lazarus>
          <Space Foreground="clWindow"/>
          <Number Foreground="clNavy"/>
          <String Foreground="clBlue"/>
          <Symbol Foreground="clRed"/>
          <Comment Foreground="clBlue" Style="fsBold"/>
          <ahaGutter Background="clBtnFace"/>
          <ahaDefault Background="clWhite" Foreground="clBlack"/>
          <ahaErrorLine Background="5284095" BackAlpha="0"/>
          <ahaMouseLink Foreground="clBlue" FrameColor="clBlue"/>
          <ahaTextBlock Background="clNavy" Foreground="clWhite"/>
          <ahaWordGroup FrameColor="clRed"/>
          <ahaFoldedCode Background="clWhite" Foreground="clSilver" FrameColor="clSilver"/>
          <ahaLineNumber Background="clNone" Foreground="clNone"/>
          <Documentation Foreground="clBlue" Style="fsBold"/>
          <Reserved_word Style="fsBold"/>
          <ahaRightMargin Foreground="clSilver"/>
          <ahaTopInfoHint Background="clSkyBlue" Foreground="clBlack" FrameColor="clMaroon" ForeAlpha="0" FrameAlpha="0"/>
          <ahaBracketMatch Style="fsBold"/>
          <ahaHighlightAll Background="clYellow"/>
          <ahaModifiedLine Background="clNone" Foreground="clGreen" FrameColor="59900"/>
          <ahaHighlightWord Background="15132390" FrameColor="clSilver" BackAlpha="0"/>
          <ahaLineHighlight Background="clNone" BackAlpha="0"/>
          <ahaSyncroEditCur FrameColor="clFuchsia"/>
          <ahaExecutionPoint Background="clGray" Foreground="clWhite" BackAlpha="0"/>
          <ahaSyncroEditArea Background="clMoneyGreen"/>
          <ahaSyncroEditSync FrameColor="clRed"/>
          <ahaCodeFoldingTree Background="clWhite" Foreground="clSilver"/>
          <ahaGutterSeparator Background="clWhite" Foreground="clGray"/>
          <ahaSyncroEditOther FrameColor="9744532"/>
          <ahaTemplateEditCur FrameColor="clAqua"/>
          <ahaTemplateEditSync FrameColor="clFuchsia"/>
          <ahaEnabledBreakpoint Background="clRed" BackAlpha="0"/>
          <ahaIncrementalSearch Background="3199088" Foreground="clWhite"/>
          <ahaInvalidBreakpoint Background="clOlive" Foreground="clGreen" BackAlpha="0"/>
          <ahaTemplateEditOther FrameColor="clMaroon"/>
          <ahaUnknownBreakpoint Background="clRed" BackAlpha="0"/>
          <ahaDisabledBreakpoint Background="clGreen" BackAlpha="0"/>
          <ahaIfDefBlockInactive Foreground="clSilver"/>
        </SchemeJacksCustom_for_Lazarus>
      </LangJava>
      <LangUNIX_Shell_Script Version="13">
        <SchemeJacksCustom_for_Lazarus>
          <Number Foreground="clNavy"/>
          <String Foreground="clBlue"/>
          <Symbol Foreground="clRed"/>
          <Comment Foreground="clBlue" Style="fsBold"/>
          <Variable Foreground="clPurple"/>
          <ahaGutter Background="clBtnFace"/>
          <ahaDefault Background="clWhite" Foreground="clBlack"/>
          <ahaErrorLine Background="5284095" BackAlpha="0"/>
          <ahaMouseLink Foreground="clBlue" FrameColor="clBlue"/>
          <ahaTextBlock Background="clNavy" Foreground="clWhite"/>
          <ahaWordGroup FrameColor="clRed"/>
          <ahaFoldedCode Background="clWhite" Foreground="clSilver" FrameColor="clSilver"/>
          <ahaLineNumber Background="clNone" Foreground="clNone"/>
          <Reserved_word Style="fsBold"/>
          <ahaRightMargin Foreground="clSilver"/>
          <ahaTopInfoHint Background="clSkyBlue" Foreground="clBlack" FrameColor="clMaroon" ForeAlpha="0" FrameAlpha="0"/>
          <ahaBracketMatch Style="fsBold"/>
          <ahaHighlightAll Background="clYellow"/>
          <ahaModifiedLine Background="clNone" Foreground="clGreen" FrameColor="59900"/>
          <ahaHighlightWord Background="15132390" FrameColor="clSilver" BackAlpha="0"/>
          <ahaLineHighlight Background="clNone" BackAlpha="0"/>
          <ahaSyncroEditCur FrameColor="clFuchsia"/>
          <ahaExecutionPoint Background="clGray" Foreground="clWhite" BackAlpha="0"/>
          <ahaSyncroEditArea Background="clMoneyGreen"/>
          <ahaSyncroEditSync FrameColor="clRed"/>
          <ahaCodeFoldingTree Background="clWhite" Foreground="clSilver"/>
          <ahaGutterSeparator Background="clWhite" Foreground="clGray"/>
          <ahaSyncroEditOther FrameColor="9744532"/>
          <ahaTemplateEditCur FrameColor="clAqua"/>
          <ahaTemplateEditSync FrameColor="clFuchsia"/>
          <ahaEnabledBreakpoint Background="clRed" BackAlpha="0"/>
          <ahaIncrementalSearch Background="3199088" Foreground="clWhite"/>
          <ahaInvalidBreakpoint Background="clOlive" Foreground="clGreen" BackAlpha="0"/>
          <ahaTemplateEditOther FrameColor="clMaroon"/>
          <ahaUnknownBreakpoint Background="clRed" BackAlpha="0"/>
          <ahaDisabledBreakpoint Background="clGreen" BackAlpha="0"/>
          <ahaIfDefBlockInactive Foreground="clSilver"/>
        </SchemeJacksCustom_for_Lazarus>
      </LangUNIX_Shell_Script>
      <LangPython Version="13">
        <SchemeJacksCustom_for_Lazarus>
          <Float Foreground="clBlue"/>
          <Octal Foreground="clBlue"/>
          <Number Foreground="clNavy"/>
          <String Foreground="clBlue"/>
          <Symbol Foreground="clRed"/>
          <Comment Foreground="clBlue" Style="fsBold"/>
          <ahaGutter Background="clBtnFace"/>
          <ahaDefault Background="clWhite" Foreground="clBlack"/>
          <Hexadecimal Foreground="clBlue"/>
          <SyntaxError Foreground="clRed"/>
          <ahaErrorLine Background="5284095" BackAlpha="0"/>
          <ahaMouseLink Foreground="clBlue" FrameColor="clBlue"/>
          <ahaTextBlock Background="clNavy" Foreground="clWhite"/>
          <ahaWordGroup FrameColor="clRed"/>
          <ahaFoldedCode Background="clWhite" Foreground="clSilver" FrameColor="clSilver"/>
          <ahaLineNumber Background="clNone" Foreground="clNone"/>
          <Documentation Foreground="clBlue" Style="fsBold"/>
          <Reserved_word Style="fsBold"/>
          <ahaRightMargin Foreground="clSilver"/>
          <ahaTopInfoHint Background="clSkyBlue" Foreground="clBlack" FrameColor="clMaroon" ForeAlpha="0" FrameAlpha="0"/>
          <ahaBracketMatch Style="fsBold"/>
          <ahaHighlightAll Background="clYellow"/>
          <ahaModifiedLine Background="clNone" Foreground="clGreen" FrameColor="59900"/>
          <ahaHighlightWord Background="15132390" FrameColor="clSilver" BackAlpha="0"/>
          <ahaLineHighlight Background="clNone" BackAlpha="0"/>
          <ahaSyncroEditCur FrameColor="clFuchsia"/>
          <ahaExecutionPoint Background="clGray" Foreground="clWhite" BackAlpha="0"/>
          <ahaSyncroEditArea Background="clMoneyGreen"/>
          <ahaSyncroEditSync FrameColor="clRed"/>
          <ahaCodeFoldingTree Background="clWhite" Foreground="clSilver"/>
          <ahaGutterSeparator Background="clWhite" Foreground="clGray"/>
          <ahaSyncroEditOther FrameColor="9744532"/>
          <ahaTemplateEditCur FrameColor="clAqua"/>
          <ahaTemplateEditSync FrameColor="clFuchsia"/>
          <ahaEnabledBreakpoint Background="clRed" BackAlpha="0"/>
          <ahaIncrementalSearch Background="3199088" Foreground="clWhite"/>
          <ahaInvalidBreakpoint Background="clOlive" Foreground="clGreen" BackAlpha="0"/>
          <ahaTemplateEditOther FrameColor="clMaroon"/>
          <ahaUnknownBreakpoint Background="clRed" BackAlpha="0"/>
          <Non_reserved_keyword Foreground="clNavy" Style="fsBold"/>
          <ahaDisabledBreakpoint Background="clGreen" BackAlpha="0"/>
          <ahaIfDefBlockInactive Foreground="clSilver"/>
          <System_functions_and_variables Style="fsBold"/>
        </SchemeJacksCustom_for_Lazarus>
      </LangPython>
      <LangPHP Version="13">
        <SchemeJacksCustom_for_Lazarus>
          <Number Foreground="clNavy"/>
          <String Foreground="clBlue"/>
          <Symbol Foreground="clRed"/>
          <Comment Foreground="clBlue" Style="fsBold"/>
          <ahaGutter Background="clBtnFace"/>
          <ahaDefault Background="clWhite" Foreground="clBlack"/>
          <ahaErrorLine Background="5284095" BackAlpha="0"/>
          <ahaMouseLink Foreground="clBlue" FrameColor="clBlue"/>
          <ahaTextBlock Background="clNavy" Foreground="clWhite"/>
          <ahaWordGroup FrameColor="clRed"/>
          <ahaFoldedCode Background="clWhite" Foreground="clSilver" FrameColor="clSilver"/>
          <ahaLineNumber Background="clNone" Foreground="clNone"/>
          <Reserved_word Style="fsBold"/>
          <ahaRightMargin Foreground="clSilver"/>
          <ahaTopInfoHint Background="clSkyBlue" Foreground="clBlack" FrameColor="clMaroon" ForeAlpha="0" FrameAlpha="0"/>
          <ahaBracketMatch Style="fsBold"/>
          <ahaHighlightAll Background="clYellow"/>
          <ahaModifiedLine Background="clNone" Foreground="clGreen" FrameColor="59900"/>
          <ahaHighlightWord Background="15132390" FrameColor="clSilver" BackAlpha="0"/>
          <ahaLineHighlight Background="clNone" BackAlpha="0"/>
          <ahaSyncroEditCur FrameColor="clFuchsia"/>
          <ahaExecutionPoint Background="clGray" Foreground="clWhite" BackAlpha="0"/>
          <ahaSyncroEditArea Background="clMoneyGreen"/>
          <ahaSyncroEditSync FrameColor="clRed"/>
          <ahaCodeFoldingTree Background="clWhite" Foreground="clSilver"/>
          <ahaGutterSeparator Background="clWhite" Foreground="clGray"/>
          <ahaSyncroEditOther FrameColor="9744532"/>
          <ahaTemplateEditCur FrameColor="clAqua"/>
          <ahaTemplateEditSync FrameColor="clFuchsia"/>
          <ahaEnabledBreakpoint Background="clRed" BackAlpha="0"/>
          <ahaIncrementalSearch Background="3199088" Foreground="clWhite"/>
          <ahaInvalidBreakpoint Background="clOlive" Foreground="clGreen" BackAlpha="0"/>
          <ahaTemplateEditOther FrameColor="clMaroon"/>
          <ahaUnknownBreakpoint Background="clRed" BackAlpha="0"/>
          <ahaDisabledBreakpoint Background="clGreen" BackAlpha="0"/>
          <ahaIfDefBlockInactive Foreground="clSilver"/>
        </SchemeJacksCustom_for_Lazarus>
      </LangPHP>
      <LangSQL Version="13">
        <SchemeJacksCustom_for_Lazarus>
          <Number Foreground="16744878"/>
          <String Foreground="clBlue"/>
          <Symbol Foreground="clRed"/>
          <Comment Foreground="6189429" Style="fsBold"/>
          <Function Style="fsBold"/>
          <ahaGutter Background="clBtnFace"/>
          <Data_type Style="fsBold"/>
          <Exception Style="fsItalic"/>
          <ahaDefault Background="clWhite" Foreground="clBlack"/>
          <ahaErrorLine Background="5284095" BackAlpha="0"/>
          <ahaMouseLink Foreground="clBlue" FrameColor="clBlue"/>
          <ahaTextBlock Background="clNavy" Foreground="clWhite"/>
          <ahaWordGroup FrameColor="clRed"/>
          <ahaFoldedCode Background="clWhite" Foreground="clSilver" FrameColor="clSilver"/>
          <ahaLineNumber Background="clNone" Foreground="clNone"/>
          <Reserved_word Foreground="7481081" Style="fsBold"/>
          <ahaRightMargin Foreground="clSilver"/>
          <ahaTopInfoHint Background="clSkyBlue" Foreground="clBlack" FrameColor="clMaroon" ForeAlpha="0" FrameAlpha="0"/>
          <ahaBracketMatch Style="fsBold"/>
          <ahaHighlightAll Background="clYellow"/>
          <ahaModifiedLine Background="clNone" Foreground="clGreen" FrameColor="59900"/>
          <ahaHighlightWord Background="15132390" FrameColor="clSilver" BackAlpha="0"/>
          <ahaLineHighlight Background="clNone" BackAlpha="0"/>
          <ahaSyncroEditCur FrameColor="clFuchsia"/>
          <Default_packages Style="fsBold"/>
          <SQL_Plus_command Style="fsBold"/>
          <ahaExecutionPoint Background="clGray" Foreground="clWhite" BackAlpha="0"/>
          <ahaSyncroEditArea Background="clMoneyGreen"/>
          <ahaSyncroEditSync FrameColor="clRed"/>
          <ahaCodeFoldingTree Background="clWhite" Foreground="clSilver"/>
          <ahaGutterSeparator Background="clWhite" Foreground="clGray"/>
          <ahaSyncroEditOther FrameColor="9744532"/>
          <ahaTemplateEditCur FrameColor="clAqua"/>
          <ahaTemplateEditSync FrameColor="clFuchsia"/>
          <ahaEnabledBreakpoint Background="clRed" BackAlpha="0"/>
          <ahaIncrementalSearch Background="3199088" Foreground="clWhite"/>
          <ahaInvalidBreakpoint Background="clOlive" Foreground="clGreen" BackAlpha="0"/>
          <ahaTemplateEditOther FrameColor="clMaroon"/>
          <ahaUnknownBreakpoint Background="clRed" BackAlpha="0"/>
          <ahaDisabledBreakpoint Background="clGreen" BackAlpha="0"/>
          <ahaIfDefBlockInactive Foreground="clSilver"/>
          <Reserved_word__PL_SQL_ Style="fsBold"/>
        </SchemeJacksCustom_for_Lazarus>
      </LangSQL>
      <LangCascading_style_sheets Version="13">
        <SchemeJacksCustom_for_Lazarus>
          <ahaDefault Foreground="15792376"/>
          <ahaErrorLine BackAlpha="0"/>
          <ahaTextBlock Background="4081737"/>
          <ahaTopInfoHint ForeAlpha="0" FrameAlpha="0"/>
          <ahaHighlightWord Background="clNone" FrameColor="9080975" BackAlpha="0"/>
          <ahaLineHighlight Background="3029049" BackAlpha="0"/>
          <ahaExecutionPoint BackAlpha="0"/>
          <ahaEnabledBreakpoint BackAlpha="0"/>
          <ahaInvalidBreakpoint BackAlpha="0"/>
          <ahaUnknownBreakpoint BackAlpha="0"/>
          <ahaDisabledBreakpoint BackAlpha="0"/>
        </SchemeJacksCustom_for_Lazarus>
      </LangCascading_style_sheets>
      <LangJavascript Version="13">
        <SchemeJacksCustom_for_Lazarus>
          <Number Foreground="clNavy"/>
          <String Foreground="clBlue"/>
          <Symbol Foreground="clRed"/>
          <Comment Foreground="clBlue" Style="fsBold"/>
          <ahaGutter Background="clBtnFace"/>
          <ahaDefault Background="clWhite" Foreground="clBlack"/>
          <ahaErrorLine Background="5284095" BackAlpha="0"/>
          <ahaMouseLink Foreground="clBlue" FrameColor="clBlue"/>
          <ahaTextBlock Background="clNavy" Foreground="clWhite"/>
          <ahaWordGroup FrameColor="clRed"/>
          <ahaFoldedCode Background="clWhite" Foreground="clSilver" FrameColor="clSilver"/>
          <ahaLineNumber Background="clNone" Foreground="clNone"/>
          <Reserved_word Style="fsBold"/>
          <ahaRightMargin Foreground="clSilver"/>
          <ahaTopInfoHint Background="clSkyBlue" Foreground="clBlack" FrameColor="clMaroon" ForeAlpha="0" FrameAlpha="0"/>
          <ahaBracketMatch Style="fsBold"/>
          <ahaHighlightAll Background="clYellow"/>
          <ahaModifiedLine Background="clNone" Foreground="clGreen" FrameColor="59900"/>
          <ahaHighlightWord Background="15132390" FrameColor="clSilver" BackAlpha="0"/>
          <ahaLineHighlight Background="clNone" BackAlpha="0"/>
          <ahaSyncroEditCur FrameColor="clFuchsia"/>
          <ahaExecutionPoint Background="clGray" Foreground="clWhite" BackAlpha="0"/>
          <ahaSyncroEditArea Background="clMoneyGreen"/>
          <ahaSyncroEditSync FrameColor="clRed"/>
          <ahaCodeFoldingTree Background="clWhite" Foreground="clSilver"/>
          <ahaGutterSeparator Background="clWhite" Foreground="clGray"/>
          <ahaSyncroEditOther FrameColor="9744532"/>
          <ahaTemplateEditCur FrameColor="clAqua"/>
          <ahaTemplateEditSync FrameColor="clFuchsia"/>
          <ahaEnabledBreakpoint Background="clRed" BackAlpha="0"/>
          <ahaIncrementalSearch Background="3199088" Foreground="clWhite"/>
          <ahaInvalidBreakpoint Background="clOlive" Foreground="clGreen" BackAlpha="0"/>
          <ahaTemplateEditOther FrameColor="clMaroon"/>
          <ahaUnknownBreakpoint Background="clRed" BackAlpha="0"/>
          <ahaDisabledBreakpoint Background="clGreen" BackAlpha="0"/>
          <ahaIfDefBlockInactive Foreground="clSilver"/>
        </SchemeJacksCustom_for_Lazarus>
      </LangJavascript>
      <LangDiff_File Version="13">
        <SchemeJacksCustom_for_Lazarus>
          <ahaGutter Background="clBtnFace"/>
          <ahaDefault Background="clWhite" Foreground="clBlack"/>
          <ahaErrorLine Background="5284095" BackAlpha="0"/>
          <ahaMouseLink Foreground="clBlue" FrameColor="clBlue"/>
          <ahaTextBlock Background="clNavy" Foreground="clWhite"/>
          <ahaWordGroup FrameColor="clRed"/>
          <Unknown_word Style="fsItalic"/>
          <ahaFoldedCode Background="clWhite" Foreground="clSilver" FrameColor="clSilver"/>
          <ahaLineNumber Background="clNone" Foreground="clNone"/>
          <Diff_New_File Background="clGreen" Style="fsBold"/>
          <ahaRightMargin Foreground="clSilver"/>
          <ahaTopInfoHint Background="clSkyBlue" Foreground="clBlack" FrameColor="clMaroon" ForeAlpha="0" FrameAlpha="0"/>
          <ahaBracketMatch Style="fsBold"/>
          <ahaHighlightAll Background="clYellow"/>
          <ahaModifiedLine Background="clNone" Foreground="clGreen" FrameColor="59900"/>
          <Diff_Added_line Foreground="clGreen"/>
          <ahaHighlightWord Background="15132390" FrameColor="clSilver" BackAlpha="0"/>
          <ahaLineHighlight Background="clNone" BackAlpha="0"/>
          <ahaSyncroEditCur FrameColor="clFuchsia"/>
          <ahaExecutionPoint Background="clGray" Foreground="clWhite" BackAlpha="0"/>
          <ahaSyncroEditArea Background="clMoneyGreen"/>
          <ahaSyncroEditSync FrameColor="clRed"/>
          <Diff_Changed_Line Foreground="clPurple"/>
          <Diff_Chunk_Marker Style="fsBold"/>
          <Diff_Removed_Line Foreground="clRed"/>
          <ahaCodeFoldingTree Background="clWhite" Foreground="clSilver"/>
          <ahaGutterSeparator Background="clWhite" Foreground="clGray"/>
          <ahaSyncroEditOther FrameColor="9744532"/>
          <ahaTemplateEditCur FrameColor="clAqua"/>
          <Diff_Original_File Background="clRed" Style="fsBold"/>
          <ahaTemplateEditSync FrameColor="clFuchsia"/>
          <ahaEnabledBreakpoint Background="clRed" BackAlpha="0"/>
          <ahaIncrementalSearch Background="3199088" Foreground="clWhite"/>
          <ahaInvalidBreakpoint Background="clOlive" Foreground="clGreen" BackAlpha="0"/>
          <ahaTemplateEditOther FrameColor="clMaroon"/>
          <ahaUnknownBreakpoint Background="clRed" BackAlpha="0"/>
          <ahaDisabledBreakpoint Background="clGreen" BackAlpha="0"/>
          <ahaIfDefBlockInactive Foreground="clSilver"/>
          <Diff_Chunk_Line_Counts Foreground="clPurple" Style="fsBold"/>
          <Diff_Chunk_New_Line_Count Foreground="clGreen" Style="fsBold"/>
          <Diff_Chunk_Original_Line_Count Foreground="clRed" Style="fsBold"/>
        </SchemeJacksCustom_for_Lazarus>
      </LangDiff_File>
      <LangMS_DOS_batch_language Version="13">
        <SchemeJacksCustom_for_Lazarus>
          <Key Style="fsBold"/>
          <Number Foreground="clBlue"/>
          <Comment Foreground="clNavy" Style="fsItalic"/>
          <Variable Foreground="clGreen"/>
          <ahaGutter Background="clBtnFace"/>
          <ahaDefault Background="clWhite" Foreground="clBlack"/>
          <ahaErrorLine Background="5284095" BackAlpha="0"/>
          <ahaMouseLink Foreground="clBlue" FrameColor="clBlue"/>
          <ahaTextBlock Background="clNavy" Foreground="clWhite"/>
          <ahaWordGroup FrameColor="clRed"/>
          <ahaFoldedCode Background="clWhite" Foreground="clSilver" FrameColor="clSilver"/>
          <ahaLineNumber Background="clNone" Foreground="clNone"/>
          <ahaRightMargin Foreground="clSilver"/>
          <ahaTopInfoHint Background="clSkyBlue" Foreground="clBlack" FrameColor="clMaroon" ForeAlpha="0" FrameAlpha="0"/>
          <ahaBracketMatch Style="fsBold"/>
          <ahaHighlightAll Background="clYellow"/>
          <ahaModifiedLine Background="clNone" Foreground="clGreen" FrameColor="59900"/>
          <ahaHighlightWord Background="15132390" FrameColor="clSilver" BackAlpha="0"/>
          <ahaLineHighlight Background="clNone" BackAlpha="0"/>
          <ahaSyncroEditCur FrameColor="clFuchsia"/>
          <ahaExecutionPoint Background="clGray" Foreground="clWhite" BackAlpha="0"/>
          <ahaSyncroEditArea Background="clMoneyGreen"/>
          <ahaSyncroEditSync FrameColor="clRed"/>
          <ahaCodeFoldingTree Background="clWhite" Foreground="clSilver"/>
          <ahaGutterSeparator Background="clWhite" Foreground="clGray"/>
          <ahaSyncroEditOther FrameColor="9744532"/>
          <ahaTemplateEditCur FrameColor="clAqua"/>
          <ahaTemplateEditSync FrameColor="clFuchsia"/>
          <ahaEnabledBreakpoint Background="clRed" BackAlpha="0"/>
          <ahaIncrementalSearch Background="3199088" Foreground="clWhite"/>
          <ahaInvalidBreakpoint Background="clOlive" Foreground="clGreen" BackAlpha="0"/>
          <ahaTemplateEditOther FrameColor="clMaroon"/>
          <ahaUnknownBreakpoint Background="clRed" BackAlpha="0"/>
          <ahaDisabledBreakpoint Background="clGreen" BackAlpha="0"/>
          <ahaIfDefBlockInactive Foreground="clSilver"/>
        </SchemeJacksCustom_for_Lazarus>
      </LangMS_DOS_batch_language>
      <LangINI_file Version="13">
        <SchemeJacksCustom_for_Lazarus>
          <Comment Foreground="clGreen" Style="fsItalic"/>
          <Section Style="fsBold"/>
          <ahaGutter Background="clBtnFace"/>
          <ahaDefault Background="clWhite" Foreground="clBlack"/>
          <ahaErrorLine Background="5284095" BackAlpha="0"/>
          <ahaMouseLink Foreground="clBlue" FrameColor="clBlue"/>
          <ahaTextBlock Background="clNavy" Foreground="clWhite"/>
          <ahaWordGroup FrameColor="clRed"/>
          <ahaFoldedCode Background="clWhite" Foreground="clSilver" FrameColor="clSilver"/>
          <ahaLineNumber Background="clNone" Foreground="clNone"/>
          <ahaRightMargin Foreground="clSilver"/>
          <ahaTopInfoHint Background="clSkyBlue" Foreground="clBlack" FrameColor="clMaroon" ForeAlpha="0" FrameAlpha="0"/>
          <ahaBracketMatch Style="fsBold"/>
          <ahaHighlightAll Background="clYellow"/>
          <ahaModifiedLine Background="clNone" Foreground="clGreen" FrameColor="59900"/>
          <ahaHighlightWord Background="15132390" FrameColor="clSilver" BackAlpha="0"/>
          <ahaLineHighlight Background="clNone" BackAlpha="0"/>
          <ahaSyncroEditCur FrameColor="clFuchsia"/>
          <ahaExecutionPoint Background="clGray" Foreground="clWhite" BackAlpha="0"/>
          <ahaSyncroEditArea Background="clMoneyGreen"/>
          <ahaSyncroEditSync FrameColor="clRed"/>
          <ahaCodeFoldingTree Background="clWhite" Foreground="clSilver"/>
          <ahaGutterSeparator Background="clWhite" Foreground="clGray"/>
          <ahaSyncroEditOther FrameColor="9744532"/>
          <ahaTemplateEditCur FrameColor="clAqua"/>
          <ahaTemplateEditSync FrameColor="clFuchsia"/>
          <ahaEnabledBreakpoint Background="clRed" BackAlpha="0"/>
          <ahaIncrementalSearch Background="3199088" Foreground="clWhite"/>
          <ahaInvalidBreakpoint Background="clOlive" Foreground="clGreen" BackAlpha="0"/>
          <ahaTemplateEditOther FrameColor="clMaroon"/>
          <ahaUnknownBreakpoint Background="clRed" BackAlpha="0"/>
          <ahaDisabledBreakpoint Background="clGreen" BackAlpha="0"/>
          <ahaIfDefBlockInactive Foreground="clSilver"/>
        </SchemeJacksCustom_for_Lazarus>
      </LangINI_file>
      <Langpo_language_files Version="13">
        <SchemeJacksCustom_for_Lazarus>
          <Key Style="fsBold"/>
          <Flags Foreground="clTeal"/>
          <String Foreground="clFuchsia"/>
          <Comment Foreground="clGreen" Style="fsItalic"/>
          <ahaGutter Background="clBtnFace"/>
          <ahaDefault Background="clWhite" Foreground="clBlack"/>
          <Identifier Foreground="clGreen" Style="fsBold"/>
          <ahaErrorLine Background="5284095" BackAlpha="0"/>
          <ahaMouseLink Foreground="clBlue" FrameColor="clBlue"/>
          <ahaTextBlock Background="clNavy" Foreground="clWhite"/>
          <ahaWordGroup FrameColor="clRed"/>
          <ahaFoldedCode Background="clWhite" Foreground="clSilver" FrameColor="clSilver"/>
          <ahaLineNumber Background="clNone" Foreground="clNone"/>
          <ahaRightMargin Foreground="clSilver"/>
          <ahaTopInfoHint Background="clSkyBlue" Foreground="clBlack" FrameColor="clMaroon" ForeAlpha="0" FrameAlpha="0"/>
          <Previous_value Foreground="clOlive" Style="fsItalic"/>
          <ahaBracketMatch Style="fsBold"/>
          <ahaHighlightAll Background="clYellow"/>
          <ahaModifiedLine Background="clNone" Foreground="clGreen" FrameColor="59900"/>
          <ahaHighlightWord Background="15132390" FrameColor="clSilver" BackAlpha="0"/>
          <ahaLineHighlight Background="clNone" BackAlpha="0"/>
          <ahaSyncroEditCur FrameColor="clFuchsia"/>
          <ahaExecutionPoint Background="clGray" Foreground="clWhite" BackAlpha="0"/>
          <ahaSyncroEditArea Background="clMoneyGreen"/>
          <ahaSyncroEditSync FrameColor="clRed"/>
          <ahaCodeFoldingTree Background="clWhite" Foreground="clSilver"/>
          <ahaGutterSeparator Background="clWhite" Foreground="clGray"/>
          <ahaSyncroEditOther FrameColor="9744532"/>
          <ahaTemplateEditCur FrameColor="clAqua"/>
          <ahaTemplateEditSync FrameColor="clFuchsia"/>
          <ahaEnabledBreakpoint Background="clRed" BackAlpha="0"/>
          <ahaIncrementalSearch Background="3199088" Foreground="clWhite"/>
          <ahaInvalidBreakpoint Background="clOlive" Foreground="clGreen" BackAlpha="0"/>
          <ahaTemplateEditOther FrameColor="clMaroon"/>
          <ahaUnknownBreakpoint Background="clRed" BackAlpha="0"/>
          <ahaDisabledBreakpoint Background="clGreen" BackAlpha="0"/>
          <ahaIfDefBlockInactive Foreground="clSilver"/>
        </SchemeJacksCustom_for_Lazarus>
      </Langpo_language_files>
      <LangPike Version="13">
        <SchemeJacksCustom_for_Lazarus>
          <ahaGutter Background="4081992"/>
          <ahaDefault Foreground="15792376"/>
          <ahaErrorLine BackAlpha="0"/>
          <ahaTextBlock Background="4081737"/>
          <ahaLineNumber Background="4081737"/>
          <ahaTopInfoHint ForeAlpha="0" FrameAlpha="0"/>
          <ahaModifiedLine Background="4081737"/>
          <ahaHighlightWord Background="clNone" FrameColor="9080975" BackAlpha="0"/>
          <ahaLineHighlight Background="3029049" BackAlpha="0"/>
          <ahaExecutionPoint BackAlpha="0"/>
          <ahaCodeFoldingTree Background="4081737"/>
          <ahaGutterSeparator Background="4081737"/>
          <ahaEnabledBreakpoint BackAlpha="0"/>
          <ahaInvalidBreakpoint BackAlpha="0"/>
          <ahaUnknownBreakpoint BackAlpha="0"/>
          <ahaDisabledBreakpoint BackAlpha="0"/>
          <ahaIfDefBlockInactive Foreground="clNone"/>
        </SchemeJacksCustom_for_Lazarus>
      </LangPike>
    </ColorSchemes>
  </Lazarus>
</CONFIG>
